subject,m_used,m_canonical,eo_epochs,ec_epochs,fmin,fmax,n_freqs,cycles_rule,decim,win_len_s,do_band_agg,npz_path
010002,59,59,47,47,2.0,30.0,15,constQ,2,10.0,True,/Users/hyung/lemon_work/derivatives/Y_tfr/sub-010002/sub-010002_Y_tfr.npz
010003,59,59,48,47,2.0,30.0,15,constQ,2,10.0,True,/Users/hyung/lemon_work/derivatives/Y_tfr/sub-010003/sub-010003_Y_tfr.npz
010004,59,59,47,47,2.0,30.0,15,constQ,2,10.0,True,/Users/hyung/lemon_work/derivatives/Y_tfr/sub-010004/sub-010004_Y_tfr.npz
010005,59,59,47,48,2.0,30.0,15,constQ,2,10.0,True,/Users/hyung/lemon_work/derivatives/Y_tfr/sub-010005/sub-010005_Y_tfr.npz
010006,59,59,44,46,2.0,30.0,15,constQ,2,10.0,True,/Users/hyung/lemon_work/derivatives/Y_tfr/sub-010006/sub-010006_Y_tfr.npz
010007,55,59,47,47,2.0,30.0,15,constQ,2,10.0,True,/Users/hyung/lemon_work/derivatives/Y_tfr/sub-010007/sub-010007_Y_tfr.npz
010010,57,59,45,47,2.0,30.0,15,constQ,2,10.0,True,/Users/hyung/lemon_work/derivatives/Y_tfr/sub-010010/sub-010010_Y_tfr.npz
010012,59,59,47,48,2.0,30.0,15,constQ,2,10.0,True,/Users/hyung/lemon_work/derivatives/Y_tfr/sub-010012/sub-010012_Y_tfr.npz
010016,58,59,47,47,2.0,30.0,15,constQ,2,10.0,True,/Users/hyung/lemon_work/derivatives/Y_tfr/sub-010016/sub-010016_Y_tfr.npz
010017,59,59,47,47,2.0,30.0,15,constQ,2,10.0,True,/Users/hyung/lemon_work/derivatives/Y_tfr/sub-010017/sub-010017_Y_tfr.npz
010019,55,59,47,48,2.0,30.0,15,constQ,2,10.0,True,/Users/hyung/lemon_work/derivatives/Y_tfr/sub-010019/sub-010019_Y_tfr.npz
010020,56,59,41,42,2.0,30.0,15,constQ,2,10.0,True,/Users/hyung/lemon_work/derivatives/Y_tfr/sub-010020/sub-010020_Y_tfr.npz
010021,59,59,45,45,2.0,30.0,15,constQ,2,10.0,True,/Users/hyung/lemon_work/derivatives/Y_tfr/sub-010021/sub-010021_Y_tfr.npz
010022,59,59,47,47,2.0,30.0,15,constQ,2,10.0,True,/Users/hyung/lemon_work/derivatives/Y_tfr/sub-010022/sub-010022_Y_tfr.npz
010023,59,59,42,48,2.0,30.0,15,constQ,2,10.0,True,/Users/hyung/lemon_work/derivatives/Y_tfr/sub-010023/sub-010023_Y_tfr.npz
010024,59,59,47,46,2.0,30.0,15,constQ,2,10.0,True,/Users/hyung/lemon_work/derivatives/Y_tfr/sub-010024/sub-010024_Y_tfr.npz
010026,58,59,43,45,2.0,30.0,15,constQ,2,10.0,True,/Users/hyung/lemon_work/derivatives/Y_tfr/sub-010026/sub-010026_Y_tfr.npz
010027,56,59,47,47,2.0,30.0,15,constQ,2,10.0,True,/Users/hyung/lemon_work/derivatives/Y_tfr/sub-010027/sub-010027_Y_tfr.npz
010028,59,59,47,48,2.0,30.0,15,constQ,2,10.0,True,/Users/hyung/lemon_work/derivatives/Y_tfr/sub-010028/sub-010028_Y_tfr.npz
010029,59,59,48,48,2.0,30.0,15,constQ,2,10.0,True,/Users/hyung/lemon_work/derivatives/Y_tfr/sub-010029/sub-010029_Y_tfr.npz
010030,59,59,46,47,2.0,30.0,15,constQ,2,10.0,True,/Users/hyung/lemon_work/derivatives/Y_tfr/sub-010030/sub-010030_Y_tfr.npz
010031,57,59,46,47,2.0,30.0,15,constQ,2,10.0,True,/Users/hyung/lemon_work/derivatives/Y_tfr/sub-010031/sub-010031_Y_tfr.npz
010032,55,59,47,47,2.0,30.0,15,constQ,2,10.0,True,/Users/hyung/lemon_work/derivatives/Y_tfr/sub-010032/sub-010032_Y_tfr.npz
010033,59,59,47,47,2.0,30.0,15,constQ,2,10.0,True,/Users/hyung/lemon_work/derivatives/Y_tfr/sub-010033/sub-010033_Y_tfr.npz
010034,56,59,45,46,2.0,30.0,15,constQ,2,10.0,True,/Users/hyung/lemon_work/derivatives/Y_tfr/sub-010034/sub-010034_Y_tfr.npz
010035,59,59,47,47,2.0,30.0,15,constQ,2,10.0,True,/Users/hyung/lemon_work/derivatives/Y_tfr/sub-010035/sub-010035_Y_tfr.npz
010036,57,59,45,47,2.0,30.0,15,constQ,2,10.0,True,/Users/hyung/lemon_work/derivatives/Y_tfr/sub-010036/sub-010036_Y_tfr.npz
010037,57,59,47,47,2.0,30.0,15,constQ,2,10.0,True,/Users/hyung/lemon_work/derivatives/Y_tfr/sub-010037/sub-010037_Y_tfr.npz
010038,58,59,46,48,2.0,30.0,15,constQ,2,10.0,True,/Users/hyung/lemon_work/derivatives/Y_tfr/sub-010038/sub-010038_Y_tfr.npz
010039,59,59,46,46,2.0,30.0,15,constQ,2,10.0,True,/Users/hyung/lemon_work/derivatives/Y_tfr/sub-010039/sub-010039_Y_tfr.npz
010040,59,59,48,48,2.0,30.0,15,constQ,2,10.0,True,/Users/hyung/lemon_work/derivatives/Y_tfr/sub-010040/sub-010040_Y_tfr.npz
010041,57,59,46,47,2.0,30.0,15,constQ,2,10.0,True,/Users/hyung/lemon_work/derivatives/Y_tfr/sub-010041/sub-010041_Y_tfr.npz
010042,57,59,46,47,2.0,30.0,15,constQ,2,10.0,True,/Users/hyung/lemon_work/derivatives/Y_tfr/sub-010042/sub-010042_Y_tfr.npz
010044,57,59,47,47,2.0,30.0,15,constQ,2,10.0,True,/Users/hyung/lemon_work/derivatives/Y_tfr/sub-010044/sub-010044_Y_tfr.npz
010045,59,59,46,46,2.0,30.0,15,constQ,2,10.0,True,/Users/hyung/lemon_work/derivatives/Y_tfr/sub-010045/sub-010045_Y_tfr.npz
010046,59,59,45,47,2.0,30.0,15,constQ,2,10.0,True,/Users/hyung/lemon_work/derivatives/Y_tfr/sub-010046/sub-010046_Y_tfr.npz
010047,57,59,46,47,2.0,30.0,15,constQ,2,10.0,True,/Users/hyung/lemon_work/derivatives/Y_tfr/sub-010047/sub-010047_Y_tfr.npz
010048,59,59,47,47,2.0,30.0,15,constQ,2,10.0,True,/Users/hyung/lemon_work/derivatives/Y_tfr/sub-010048/sub-010048_Y_tfr.npz
010049,59,59,46,48,2.0,30.0,15,constQ,2,10.0,True,/Users/hyung/lemon_work/derivatives/Y_tfr/sub-010049/sub-010049_Y_tfr.npz
010050,57,59,47,47,2.0,30.0,15,constQ,2,10.0,True,/Users/hyung/lemon_work/derivatives/Y_tfr/sub-010050/sub-010050_Y_tfr.npz
010051,58,59,42,44,2.0,30.0,15,constQ,2,10.0,True,/Users/hyung/lemon_work/derivatives/Y_tfr/sub-010051/sub-010051_Y_tfr.npz
010052,59,59,47,48,2.0,30.0,15,constQ,2,10.0,True,/Users/hyung/lemon_work/derivatives/Y_tfr/sub-010052/sub-010052_Y_tfr.npz
010053,58,59,47,47,2.0,30.0,15,constQ,2,10.0,True,/Users/hyung/lemon_work/derivatives/Y_tfr/sub-010053/sub-010053_Y_tfr.npz
010056,59,59,47,48,2.0,30.0,15,constQ,2,10.0,True,/Users/hyung/lemon_work/derivatives/Y_tfr/sub-010056/sub-010056_Y_tfr.npz
010059,59,59,48,47,2.0,30.0,15,constQ,2,10.0,True,/Users/hyung/lemon_work/derivatives/Y_tfr/sub-010059/sub-010059_Y_tfr.npz
010060,59,59,44,47,2.0,30.0,15,constQ,2,10.0,True,/Users/hyung/lemon_work/derivatives/Y_tfr/sub-010060/sub-010060_Y_tfr.npz
010061,58,59,46,47,2.0,30.0,15,constQ,2,10.0,True,/Users/hyung/lemon_work/derivatives/Y_tfr/sub-010061/sub-010061_Y_tfr.npz
010062,56,59,45,47,2.0,30.0,15,constQ,2,10.0,True,/Users/hyung/lemon_work/derivatives/Y_tfr/sub-010062/sub-010062_Y_tfr.npz
010063,58,59,46,47,2.0,30.0,15,constQ,2,10.0,True,/Users/hyung/lemon_work/derivatives/Y_tfr/sub-010063/sub-010063_Y_tfr.npz
010064,57,59,47,44,2.0,30.0,15,constQ,2,10.0,True,/Users/hyung/lemon_work/derivatives/Y_tfr/sub-010064/sub-010064_Y_tfr.npz
010065,59,59,45,46,2.0,30.0,15,constQ,2,10.0,True,/Users/hyung/lemon_work/derivatives/Y_tfr/sub-010065/sub-010065_Y_tfr.npz
010066,58,59,46,47,2.0,30.0,15,constQ,2,10.0,True,/Users/hyung/lemon_work/derivatives/Y_tfr/sub-010066/sub-010066_Y_tfr.npz
010067,58,59,47,47,2.0,30.0,15,constQ,2,10.0,True,/Users/hyung/lemon_work/derivatives/Y_tfr/sub-010067/sub-010067_Y_tfr.npz
010068,58,59,47,47,2.0,30.0,15,constQ,2,10.0,True,/Users/hyung/lemon_work/derivatives/Y_tfr/sub-010068/sub-010068_Y_tfr.npz
010069,55,59,47,47,2.0,30.0,15,constQ,2,10.0,True,/Users/hyung/lemon_work/derivatives/Y_tfr/sub-010069/sub-010069_Y_tfr.npz
010070,58,59,47,47,2.0,30.0,15,constQ,2,10.0,True,/Users/hyung/lemon_work/derivatives/Y_tfr/sub-010070/sub-010070_Y_tfr.npz
010071,58,59,44,46,2.0,30.0,15,constQ,2,10.0,True,/Users/hyung/lemon_work/derivatives/Y_tfr/sub-010071/sub-010071_Y_tfr.npz
010072,54,59,47,47,2.0,30.0,15,constQ,2,10.0,True,/Users/hyung/lemon_work/derivatives/Y_tfr/sub-010072/sub-010072_Y_tfr.npz
010073,59,59,48,47,2.0,30.0,15,constQ,2,10.0,True,/Users/hyung/lemon_work/derivatives/Y_tfr/sub-010073/sub-010073_Y_tfr.npz
010074,58,59,46,47,2.0,30.0,15,constQ,2,10.0,True,/Users/hyung/lemon_work/derivatives/Y_tfr/sub-010074/sub-010074_Y_tfr.npz
010075,59,59,46,48,2.0,30.0,15,constQ,2,10.0,True,/Users/hyung/lemon_work/derivatives/Y_tfr/sub-010075/sub-010075_Y_tfr.npz
010076,58,59,47,47,2.0,30.0,15,constQ,2,10.0,True,/Users/hyung/lemon_work/derivatives/Y_tfr/sub-010076/sub-010076_Y_tfr.npz
010079,57,59,45,46,2.0,30.0,15,constQ,2,10.0,True,/Users/hyung/lemon_work/derivatives/Y_tfr/sub-010079/sub-010079_Y_tfr.npz
010080,57,59,47,47,2.0,30.0,15,constQ,2,10.0,True,/Users/hyung/lemon_work/derivatives/Y_tfr/sub-010080/sub-010080_Y_tfr.npz
010081,58,59,48,47,2.0,30.0,15,constQ,2,10.0,True,/Users/hyung/lemon_work/derivatives/Y_tfr/sub-010081/sub-010081_Y_tfr.npz
010083,58,59,47,47,2.0,30.0,15,constQ,2,10.0,True,/Users/hyung/lemon_work/derivatives/Y_tfr/sub-010083/sub-010083_Y_tfr.npz
010084,59,59,47,46,2.0,30.0,15,constQ,2,10.0,True,/Users/hyung/lemon_work/derivatives/Y_tfr/sub-010084/sub-010084_Y_tfr.npz
010085,57,59,47,47,2.0,30.0,15,constQ,2,10.0,True,/Users/hyung/lemon_work/derivatives/Y_tfr/sub-010085/sub-010085_Y_tfr.npz
010086,57,59,44,44,2.0,30.0,15,constQ,2,10.0,True,/Users/hyung/lemon_work/derivatives/Y_tfr/sub-010086/sub-010086_Y_tfr.npz
010088,58,59,45,47,2.0,30.0,15,constQ,2,10.0,True,/Users/hyung/lemon_work/derivatives/Y_tfr/sub-010088/sub-010088_Y_tfr.npz
010089,58,59,46,43,2.0,30.0,15,constQ,2,10.0,True,/Users/hyung/lemon_work/derivatives/Y_tfr/sub-010089/sub-010089_Y_tfr.npz
010090,58,59,47,47,2.0,30.0,15,constQ,2,10.0,True,/Users/hyung/lemon_work/derivatives/Y_tfr/sub-010090/sub-010090_Y_tfr.npz
010091,57,59,47,47,2.0,30.0,15,constQ,2,10.0,True,/Users/hyung/lemon_work/derivatives/Y_tfr/sub-010091/sub-010091_Y_tfr.npz
010092,59,59,48,45,2.0,30.0,15,constQ,2,10.0,True,/Users/hyung/lemon_work/derivatives/Y_tfr/sub-010092/sub-010092_Y_tfr.npz
010093,57,59,47,47,2.0,30.0,15,constQ,2,10.0,True,/Users/hyung/lemon_work/derivatives/Y_tfr/sub-010093/sub-010093_Y_tfr.npz
010094,58,59,46,47,2.0,30.0,15,constQ,2,10.0,True,/Users/hyung/lemon_work/derivatives/Y_tfr/sub-010094/sub-010094_Y_tfr.npz
010104,56,59,46,47,2.0,30.0,15,constQ,2,10.0,True,/Users/hyung/lemon_work/derivatives/Y_tfr/sub-010104/sub-010104_Y_tfr.npz
010126,58,59,47,47,2.0,30.0,15,constQ,2,10.0,True,/Users/hyung/lemon_work/derivatives/Y_tfr/sub-010126/sub-010126_Y_tfr.npz
010134,59,59,47,47,2.0,30.0,15,constQ,2,10.0,True,/Users/hyung/lemon_work/derivatives/Y_tfr/sub-010134/sub-010134_Y_tfr.npz
010136,58,59,47,47,2.0,30.0,15,constQ,2,10.0,True,/Users/hyung/lemon_work/derivatives/Y_tfr/sub-010136/sub-010136_Y_tfr.npz
010137,59,59,47,47,2.0,30.0,15,constQ,2,10.0,True,/Users/hyung/lemon_work/derivatives/Y_tfr/sub-010137/sub-010137_Y_tfr.npz
010138,59,59,47,48,2.0,30.0,15,constQ,2,10.0,True,/Users/hyung/lemon_work/derivatives/Y_tfr/sub-010138/sub-010138_Y_tfr.npz
010141,59,59,48,48,2.0,30.0,15,constQ,2,10.0,True,/Users/hyung/lemon_work/derivatives/Y_tfr/sub-010141/sub-010141_Y_tfr.npz
010142,59,59,48,47,2.0,30.0,15,constQ,2,10.0,True,/Users/hyung/lemon_work/derivatives/Y_tfr/sub-010142/sub-010142_Y_tfr.npz
010146,57,59,47,47,2.0,30.0,15,constQ,2,10.0,True,/Users/hyung/lemon_work/derivatives/Y_tfr/sub-010146/sub-010146_Y_tfr.npz
010148,58,59,47,47,2.0,30.0,15,constQ,2,10.0,True,/Users/hyung/lemon_work/derivatives/Y_tfr/sub-010148/sub-010148_Y_tfr.npz
010150,58,59,47,47,2.0,30.0,15,constQ,2,10.0,True,/Users/hyung/lemon_work/derivatives/Y_tfr/sub-010150/sub-010150_Y_tfr.npz
010152,57,59,47,48,2.0,30.0,15,constQ,2,10.0,True,/Users/hyung/lemon_work/derivatives/Y_tfr/sub-010152/sub-010152_Y_tfr.npz
010155,57,59,46,46,2.0,30.0,15,constQ,2,10.0,True,/Users/hyung/lemon_work/derivatives/Y_tfr/sub-010155/sub-010155_Y_tfr.npz
010157,56,59,47,47,2.0,30.0,15,constQ,2,10.0,True,/Users/hyung/lemon_work/derivatives/Y_tfr/sub-010157/sub-010157_Y_tfr.npz
010162,59,59,46,46,2.0,30.0,15,constQ,2,10.0,True,/Users/hyung/lemon_work/derivatives/Y_tfr/sub-010162/sub-010162_Y_tfr.npz
010163,54,59,47,47,2.0,30.0,15,constQ,2,10.0,True,/Users/hyung/lemon_work/derivatives/Y_tfr/sub-010163/sub-010163_Y_tfr.npz
010164,59,59,47,46,2.0,30.0,15,constQ,2,10.0,True,/Users/hyung/lemon_work/derivatives/Y_tfr/sub-010164/sub-010164_Y_tfr.npz
010165,58,59,47,47,2.0,30.0,15,constQ,2,10.0,True,/Users/hyung/lemon_work/derivatives/Y_tfr/sub-010165/sub-010165_Y_tfr.npz
010166,56,59,44,45,2.0,30.0,15,constQ,2,10.0,True,/Users/hyung/lemon_work/derivatives/Y_tfr/sub-010166/sub-010166_Y_tfr.npz
010168,57,59,44,47,2.0,30.0,15,constQ,2,10.0,True,/Users/hyung/lemon_work/derivatives/Y_tfr/sub-010168/sub-010168_Y_tfr.npz
010170,59,59,47,45,2.0,30.0,15,constQ,2,10.0,True,/Users/hyung/lemon_work/derivatives/Y_tfr/sub-010170/sub-010170_Y_tfr.npz
010176,59,59,46,48,2.0,30.0,15,constQ,2,10.0,True,/Users/hyung/lemon_work/derivatives/Y_tfr/sub-010176/sub-010176_Y_tfr.npz
010183,59,59,44,46,2.0,30.0,15,constQ,2,10.0,True,/Users/hyung/lemon_work/derivatives/Y_tfr/sub-010183/sub-010183_Y_tfr.npz
010191,59,59,46,48,2.0,30.0,15,constQ,2,10.0,True,/Users/hyung/lemon_work/derivatives/Y_tfr/sub-010191/sub-010191_Y_tfr.npz
010192,58,59,46,47,2.0,30.0,15,constQ,2,10.0,True,/Users/hyung/lemon_work/derivatives/Y_tfr/sub-010192/sub-010192_Y_tfr.npz
010194,58,59,43,47,2.0,30.0,15,constQ,2,10.0,True,/Users/hyung/lemon_work/derivatives/Y_tfr/sub-010194/sub-010194_Y_tfr.npz
010195,59,59,45,47,2.0,30.0,15,constQ,2,10.0,True,/Users/hyung/lemon_work/derivatives/Y_tfr/sub-010195/sub-010195_Y_tfr.npz
010196,58,59,46,47,2.0,30.0,15,constQ,2,10.0,True,/Users/hyung/lemon_work/derivatives/Y_tfr/sub-010196/sub-010196_Y_tfr.npz
010197,59,59,46,47,2.0,30.0,15,constQ,2,10.0,True,/Users/hyung/lemon_work/derivatives/Y_tfr/sub-010197/sub-010197_Y_tfr.npz
010199,59,59,47,47,2.0,30.0,15,constQ,2,10.0,True,/Users/hyung/lemon_work/derivatives/Y_tfr/sub-010199/sub-010199_Y_tfr.npz
010200,57,59,46,43,2.0,30.0,15,constQ,2,10.0,True,/Users/hyung/lemon_work/derivatives/Y_tfr/sub-010200/sub-010200_Y_tfr.npz
010201,58,59,47,47,2.0,30.0,15,constQ,2,10.0,True,/Users/hyung/lemon_work/derivatives/Y_tfr/sub-010201/sub-010201_Y_tfr.npz
010202,59,59,42,47,2.0,30.0,15,constQ,2,10.0,True,/Users/hyung/lemon_work/derivatives/Y_tfr/sub-010202/sub-010202_Y_tfr.npz
010204,59,59,43,47,2.0,30.0,15,constQ,2,10.0,True,/Users/hyung/lemon_work/derivatives/Y_tfr/sub-010204/sub-010204_Y_tfr.npz
010207,59,59,48,48,2.0,30.0,15,constQ,2,10.0,True,/Users/hyung/lemon_work/derivatives/Y_tfr/sub-010207/sub-010207_Y_tfr.npz
010210,59,59,47,48,2.0,30.0,15,constQ,2,10.0,True,/Users/hyung/lemon_work/derivatives/Y_tfr/sub-010210/sub-010210_Y_tfr.npz
010213,59,59,47,48,2.0,30.0,15,constQ,2,10.0,True,/Users/hyung/lemon_work/derivatives/Y_tfr/sub-010213/sub-010213_Y_tfr.npz
010214,59,59,47,48,2.0,30.0,15,constQ,2,10.0,True,/Users/hyung/lemon_work/derivatives/Y_tfr/sub-010214/sub-010214_Y_tfr.npz
010215,59,59,47,46,2.0,30.0,15,constQ,2,10.0,True,/Users/hyung/lemon_work/derivatives/Y_tfr/sub-010215/sub-010215_Y_tfr.npz
010218,59,59,48,48,2.0,30.0,15,constQ,2,10.0,True,/Users/hyung/lemon_work/derivatives/Y_tfr/sub-010218/sub-010218_Y_tfr.npz
010219,55,59,45,45,2.0,30.0,15,constQ,2,10.0,True,/Users/hyung/lemon_work/derivatives/Y_tfr/sub-010219/sub-010219_Y_tfr.npz
010220,58,59,47,47,2.0,30.0,15,constQ,2,10.0,True,/Users/hyung/lemon_work/derivatives/Y_tfr/sub-010220/sub-010220_Y_tfr.npz
010222,59,59,44,47,2.0,30.0,15,constQ,2,10.0,True,/Users/hyung/lemon_work/derivatives/Y_tfr/sub-010222/sub-010222_Y_tfr.npz
010223,59,59,48,48,2.0,30.0,15,constQ,2,10.0,True,/Users/hyung/lemon_work/derivatives/Y_tfr/sub-010223/sub-010223_Y_tfr.npz
010224,59,59,47,48,2.0,30.0,15,constQ,2,10.0,True,/Users/hyung/lemon_work/derivatives/Y_tfr/sub-010224/sub-010224_Y_tfr.npz
010226,58,59,47,47,2.0,30.0,15,constQ,2,10.0,True,/Users/hyung/lemon_work/derivatives/Y_tfr/sub-010226/sub-010226_Y_tfr.npz
010227,59,59,48,47,2.0,30.0,15,constQ,2,10.0,True,/Users/hyung/lemon_work/derivatives/Y_tfr/sub-010227/sub-010227_Y_tfr.npz
010228,58,59,47,47,2.0,30.0,15,constQ,2,10.0,True,/Users/hyung/lemon_work/derivatives/Y_tfr/sub-010228/sub-010228_Y_tfr.npz
010230,59,59,47,48,2.0,30.0,15,constQ,2,10.0,True,/Users/hyung/lemon_work/derivatives/Y_tfr/sub-010230/sub-010230_Y_tfr.npz
010231,58,59,47,47,2.0,30.0,15,constQ,2,10.0,True,/Users/hyung/lemon_work/derivatives/Y_tfr/sub-010231/sub-010231_Y_tfr.npz
010232,57,59,46,47,2.0,30.0,15,constQ,2,10.0,True,/Users/hyung/lemon_work/derivatives/Y_tfr/sub-010232/sub-010232_Y_tfr.npz
010233,59,59,47,48,2.0,30.0,15,constQ,2,10.0,True,/Users/hyung/lemon_work/derivatives/Y_tfr/sub-010233/sub-010233_Y_tfr.npz
010234,59,59,47,46,2.0,30.0,15,constQ,2,10.0,True,/Users/hyung/lemon_work/derivatives/Y_tfr/sub-010234/sub-010234_Y_tfr.npz
010236,59,59,47,47,2.0,30.0,15,constQ,2,10.0,True,/Users/hyung/lemon_work/derivatives/Y_tfr/sub-010236/sub-010236_Y_tfr.npz
010238,59,59,47,47,2.0,30.0,15,constQ,2,10.0,True,/Users/hyung/lemon_work/derivatives/Y_tfr/sub-010238/sub-010238_Y_tfr.npz
010239,57,59,46,47,2.0,30.0,15,constQ,2,10.0,True,/Users/hyung/lemon_work/derivatives/Y_tfr/sub-010239/sub-010239_Y_tfr.npz
010240,58,59,47,47,2.0,30.0,15,constQ,2,10.0,True,/Users/hyung/lemon_work/derivatives/Y_tfr/sub-010240/sub-010240_Y_tfr.npz
010241,58,59,47,47,2.0,30.0,15,constQ,2,10.0,True,/Users/hyung/lemon_work/derivatives/Y_tfr/sub-010241/sub-010241_Y_tfr.npz
010242,57,59,46,47,2.0,30.0,15,constQ,2,10.0,True,/Users/hyung/lemon_work/derivatives/Y_tfr/sub-010242/sub-010242_Y_tfr.npz
010243,59,59,47,47,2.0,30.0,15,constQ,2,10.0,True,/Users/hyung/lemon_work/derivatives/Y_tfr/sub-010243/sub-010243_Y_tfr.npz
010244,57,59,47,48,2.0,30.0,15,constQ,2,10.0,True,/Users/hyung/lemon_work/derivatives/Y_tfr/sub-010244/sub-010244_Y_tfr.npz
010245,57,59,46,46,2.0,30.0,15,constQ,2,10.0,True,/Users/hyung/lemon_work/derivatives/Y_tfr/sub-010245/sub-010245_Y_tfr.npz
010246,59,59,48,48,2.0,30.0,15,constQ,2,10.0,True,/Users/hyung/lemon_work/derivatives/Y_tfr/sub-010246/sub-010246_Y_tfr.npz
010247,59,59,47,48,2.0,30.0,15,constQ,2,10.0,True,/Users/hyung/lemon_work/derivatives/Y_tfr/sub-010247/sub-010247_Y_tfr.npz
010248,59,59,47,48,2.0,30.0,15,constQ,2,10.0,True,/Users/hyung/lemon_work/derivatives/Y_tfr/sub-010248/sub-010248_Y_tfr.npz
010249,58,59,47,47,2.0,30.0,15,constQ,2,10.0,True,/Users/hyung/lemon_work/derivatives/Y_tfr/sub-010249/sub-010249_Y_tfr.npz
010250,59,59,45,47,2.0,30.0,15,constQ,2,10.0,True,/Users/hyung/lemon_work/derivatives/Y_tfr/sub-010250/sub-010250_Y_tfr.npz
010251,59,59,47,48,2.0,30.0,15,constQ,2,10.0,True,/Users/hyung/lemon_work/derivatives/Y_tfr/sub-010251/sub-010251_Y_tfr.npz
010252,59,59,47,47,2.0,30.0,15,constQ,2,10.0,True,/Users/hyung/lemon_work/derivatives/Y_tfr/sub-010252/sub-010252_Y_tfr.npz
010254,59,59,48,47,2.0,30.0,15,constQ,2,10.0,True,/Users/hyung/lemon_work/derivatives/Y_tfr/sub-010254/sub-010254_Y_tfr.npz
010255,59,59,46,47,2.0,30.0,15,constQ,2,10.0,True,/Users/hyung/lemon_work/derivatives/Y_tfr/sub-010255/sub-010255_Y_tfr.npz
010256,59,59,47,48,2.0,30.0,15,constQ,2,10.0,True,/Users/hyung/lemon_work/derivatives/Y_tfr/sub-010256/sub-010256_Y_tfr.npz
010257,58,59,45,47,2.0,30.0,15,constQ,2,10.0,True,/Users/hyung/lemon_work/derivatives/Y_tfr/sub-010257/sub-010257_Y_tfr.npz
010258,56,59,46,47,2.0,30.0,15,constQ,2,10.0,True,/Users/hyung/lemon_work/derivatives/Y_tfr/sub-010258/sub-010258_Y_tfr.npz
010260,58,59,47,47,2.0,30.0,15,constQ,2,10.0,True,/Users/hyung/lemon_work/derivatives/Y_tfr/sub-010260/sub-010260_Y_tfr.npz
010261,56,59,47,47,2.0,30.0,15,constQ,2,10.0,True,/Users/hyung/lemon_work/derivatives/Y_tfr/sub-010261/sub-010261_Y_tfr.npz
010262,57,59,46,47,2.0,30.0,15,constQ,2,10.0,True,/Users/hyung/lemon_work/derivatives/Y_tfr/sub-010262/sub-010262_Y_tfr.npz
010263,58,59,45,46,2.0,30.0,15,constQ,2,10.0,True,/Users/hyung/lemon_work/derivatives/Y_tfr/sub-010263/sub-010263_Y_tfr.npz
010264,59,59,44,48,2.0,30.0,15,constQ,2,10.0,True,/Users/hyung/lemon_work/derivatives/Y_tfr/sub-010264/sub-010264_Y_tfr.npz
010265,58,59,47,47,2.0,30.0,15,constQ,2,10.0,True,/Users/hyung/lemon_work/derivatives/Y_tfr/sub-010265/sub-010265_Y_tfr.npz
010266,58,59,47,47,2.0,30.0,15,constQ,2,10.0,True,/Users/hyung/lemon_work/derivatives/Y_tfr/sub-010266/sub-010266_Y_tfr.npz
010267,58,59,46,47,2.0,30.0,15,constQ,2,10.0,True,/Users/hyung/lemon_work/derivatives/Y_tfr/sub-010267/sub-010267_Y_tfr.npz
010268,59,59,47,47,2.0,30.0,15,constQ,2,10.0,True,/Users/hyung/lemon_work/derivatives/Y_tfr/sub-010268/sub-010268_Y_tfr.npz
010269,59,59,48,48,2.0,30.0,15,constQ,2,10.0,True,/Users/hyung/lemon_work/derivatives/Y_tfr/sub-010269/sub-010269_Y_tfr.npz
010270,58,59,47,47,2.0,30.0,15,constQ,2,10.0,True,/Users/hyung/lemon_work/derivatives/Y_tfr/sub-010270/sub-010270_Y_tfr.npz
010271,56,59,46,47,2.0,30.0,15,constQ,2,10.0,True,/Users/hyung/lemon_work/derivatives/Y_tfr/sub-010271/sub-010271_Y_tfr.npz
010272,58,59,44,46,2.0,30.0,15,constQ,2,10.0,True,/Users/hyung/lemon_work/derivatives/Y_tfr/sub-010272/sub-010272_Y_tfr.npz
010273,59,59,47,47,2.0,30.0,15,constQ,2,10.0,True,/Users/hyung/lemon_work/derivatives/Y_tfr/sub-010273/sub-010273_Y_tfr.npz
010274,58,59,46,47,2.0,30.0,15,constQ,2,10.0,True,/Users/hyung/lemon_work/derivatives/Y_tfr/sub-010274/sub-010274_Y_tfr.npz
010275,58,59,47,47,2.0,30.0,15,constQ,2,10.0,True,/Users/hyung/lemon_work/derivatives/Y_tfr/sub-010275/sub-010275_Y_tfr.npz
010276,59,59,45,47,2.0,30.0,15,constQ,2,10.0,True,/Users/hyung/lemon_work/derivatives/Y_tfr/sub-010276/sub-010276_Y_tfr.npz
010277,59,59,47,47,2.0,30.0,15,constQ,2,10.0,True,/Users/hyung/lemon_work/derivatives/Y_tfr/sub-010277/sub-010277_Y_tfr.npz
010283,59,59,45,47,2.0,30.0,15,constQ,2,10.0,True,/Users/hyung/lemon_work/derivatives/Y_tfr/sub-010283/sub-010283_Y_tfr.npz
010284,58,59,47,47,2.0,30.0,15,constQ,2,10.0,True,/Users/hyung/lemon_work/derivatives/Y_tfr/sub-010284/sub-010284_Y_tfr.npz
010286,57,59,46,47,2.0,30.0,15,constQ,2,10.0,True,/Users/hyung/lemon_work/derivatives/Y_tfr/sub-010286/sub-010286_Y_tfr.npz
010287,58,59,47,47,2.0,30.0,15,constQ,2,10.0,True,/Users/hyung/lemon_work/derivatives/Y_tfr/sub-010287/sub-010287_Y_tfr.npz
010288,59,59,45,46,2.0,30.0,15,constQ,2,10.0,True,/Users/hyung/lemon_work/derivatives/Y_tfr/sub-010288/sub-010288_Y_tfr.npz
010289,59,59,46,48,2.0,30.0,15,constQ,2,10.0,True,/Users/hyung/lemon_work/derivatives/Y_tfr/sub-010289/sub-010289_Y_tfr.npz
010290,56,59,47,47,2.0,30.0,15,constQ,2,10.0,True,/Users/hyung/lemon_work/derivatives/Y_tfr/sub-010290/sub-010290_Y_tfr.npz
010291,55,59,47,47,2.0,30.0,15,constQ,2,10.0,True,/Users/hyung/lemon_work/derivatives/Y_tfr/sub-010291/sub-010291_Y_tfr.npz
010292,59,59,47,47,2.0,30.0,15,constQ,2,10.0,True,/Users/hyung/lemon_work/derivatives/Y_tfr/sub-010292/sub-010292_Y_tfr.npz
010294,59,59,44,48,2.0,30.0,15,constQ,2,10.0,True,/Users/hyung/lemon_work/derivatives/Y_tfr/sub-010294/sub-010294_Y_tfr.npz
010295,59,59,48,48,2.0,30.0,15,constQ,2,10.0,True,/Users/hyung/lemon_work/derivatives/Y_tfr/sub-010295/sub-010295_Y_tfr.npz
010296,59,59,47,47,2.0,30.0,15,constQ,2,10.0,True,/Users/hyung/lemon_work/derivatives/Y_tfr/sub-010296/sub-010296_Y_tfr.npz
010297,59,59,48,48,2.0,30.0,15,constQ,2,10.0,True,/Users/hyung/lemon_work/derivatives/Y_tfr/sub-010297/sub-010297_Y_tfr.npz
010298,59,59,46,47,2.0,30.0,15,constQ,2,10.0,True,/Users/hyung/lemon_work/derivatives/Y_tfr/sub-010298/sub-010298_Y_tfr.npz
010299,59,59,47,47,2.0,30.0,15,constQ,2,10.0,True,/Users/hyung/lemon_work/derivatives/Y_tfr/sub-010299/sub-010299_Y_tfr.npz
010300,59,59,47,47,2.0,30.0,15,constQ,2,10.0,True,/Users/hyung/lemon_work/derivatives/Y_tfr/sub-010300/sub-010300_Y_tfr.npz
010301,59,59,47,48,2.0,30.0,15,constQ,2,10.0,True,/Users/hyung/lemon_work/derivatives/Y_tfr/sub-010301/sub-010301_Y_tfr.npz
010302,58,59,40,41,2.0,30.0,15,constQ,2,10.0,True,/Users/hyung/lemon_work/derivatives/Y_tfr/sub-010302/sub-010302_Y_tfr.npz
010303,58,59,46,47,2.0,30.0,15,constQ,2,10.0,True,/Users/hyung/lemon_work/derivatives/Y_tfr/sub-010303/sub-010303_Y_tfr.npz
010304,59,59,47,47,2.0,30.0,15,constQ,2,10.0,True,/Users/hyung/lemon_work/derivatives/Y_tfr/sub-010304/sub-010304_Y_tfr.npz
010305,57,59,47,47,2.0,30.0,15,constQ,2,10.0,True,/Users/hyung/lemon_work/derivatives/Y_tfr/sub-010305/sub-010305_Y_tfr.npz
010306,59,59,47,47,2.0,30.0,15,constQ,2,10.0,True,/Users/hyung/lemon_work/derivatives/Y_tfr/sub-010306/sub-010306_Y_tfr.npz
010307,58,59,47,47,2.0,30.0,15,constQ,2,10.0,True,/Users/hyung/lemon_work/derivatives/Y_tfr/sub-010307/sub-010307_Y_tfr.npz
010308,59,59,47,48,2.0,30.0,15,constQ,2,10.0,True,/Users/hyung/lemon_work/derivatives/Y_tfr/sub-010308/sub-010308_Y_tfr.npz
010309,59,59,46,48,2.0,30.0,15,constQ,2,10.0,True,/Users/hyung/lemon_work/derivatives/Y_tfr/sub-010309/sub-010309_Y_tfr.npz
010310,59,59,47,47,2.0,30.0,15,constQ,2,10.0,True,/Users/hyung/lemon_work/derivatives/Y_tfr/sub-010310/sub-010310_Y_tfr.npz
010311,58,59,46,45,2.0,30.0,15,constQ,2,10.0,True,/Users/hyung/lemon_work/derivatives/Y_tfr/sub-010311/sub-010311_Y_tfr.npz
010314,57,59,47,47,2.0,30.0,15,constQ,2,10.0,True,/Users/hyung/lemon_work/derivatives/Y_tfr/sub-010314/sub-010314_Y_tfr.npz
010315,55,59,47,47,2.0,30.0,15,constQ,2,10.0,True,/Users/hyung/lemon_work/derivatives/Y_tfr/sub-010315/sub-010315_Y_tfr.npz
010316,57,59,47,47,2.0,30.0,15,constQ,2,10.0,True,/Users/hyung/lemon_work/derivatives/Y_tfr/sub-010316/sub-010316_Y_tfr.npz
010317,57,59,45,47,2.0,30.0,15,constQ,2,10.0,True,/Users/hyung/lemon_work/derivatives/Y_tfr/sub-010317/sub-010317_Y_tfr.npz
010318,58,59,47,47,2.0,30.0,15,constQ,2,10.0,True,/Users/hyung/lemon_work/derivatives/Y_tfr/sub-010318/sub-010318_Y_tfr.npz
010319,57,59,47,47,2.0,30.0,15,constQ,2,10.0,True,/Users/hyung/lemon_work/derivatives/Y_tfr/sub-010319/sub-010319_Y_tfr.npz
010321,59,59,47,47,2.0,30.0,15,constQ,2,10.0,True,/Users/hyung/lemon_work/derivatives/Y_tfr/sub-010321/sub-010321_Y_tfr.npz
